<keymap version="1" name="IntelliJ IDEA Classic copy" parent="Mac OS X">
  <action id="ActivateDebugToolWindow" />
  <action id="ActivateFavoritesToolWindow" />
  <action id="ActivateFindToolWindow" />
  <action id="ActivateProblemsViewToolWindow" />
  <action id="ActivateProjectToolWindow" />
  <action id="ActivateRunToolWindow" />
  <action id="ActivateTerminalToolWindow">
    <keyboard-shortcut first-keystroke="alt f12" />
    <keyboard-shortcut first-keystroke="meta t" />
  </action>
  <action id="CloseActiveTab">
    <keyboard-shortcut first-keystroke="shift meta f4" />
    <keyboard-shortcut first-keystroke="ctrl w" />
  </action>
  <action id="CloseContent">
    <keyboard-shortcut first-keystroke="meta f4" />
    <keyboard-shortcut first-keystroke="meta w" />
  </action>
  <action id="DuplicatesForm.SendToLeft" />
  <action id="DuplicatesForm.SendToRight" />
  <action id="EditorLineEnd">
    <keyboard-shortcut first-keystroke="end" />
  </action>
  <action id="EditorLineEndWithSelection">
    <keyboard-shortcut first-keystroke="shift end" />
  </action>
  <action id="EditorLineStart">
    <keyboard-shortcut first-keystroke="home" />
  </action>
  <action id="EditorLineStartWithSelection">
    <keyboard-shortcut first-keystroke="shift home" />
  </action>
  <action id="EditorNextWord" />
  <action id="EditorPreviousWord" />
  <action id="EditorSelectWord" />
  <action id="ExecuteInPyConsoleAction">
    <keyboard-shortcut first-keystroke="shift alt e" />
  </action>
  <action id="FileChooser.GotoHome" />
  <action id="FileChooser.GotoModule" />
  <action id="FileChooser.GotoProject" />
  <action id="FileChooser.NewFolder" />
  <action id="GoToTab1">
    <keyboard-shortcut first-keystroke="meta 1" />
  </action>
  <action id="GoToTab2">
    <keyboard-shortcut first-keystroke="meta 2" />
  </action>
  <action id="GoToTab3">
    <keyboard-shortcut first-keystroke="meta 3" />
  </action>
  <action id="GoToTab4">
    <keyboard-shortcut first-keystroke="meta 4" />
  </action>
  <action id="GoToTab5">
    <keyboard-shortcut first-keystroke="meta 5" />
  </action>
  <action id="GoToTab6">
    <keyboard-shortcut first-keystroke="meta 6" />
  </action>
  <action id="GotoChangedFile" />
  <action id="GotoClass" />
  <action id="NavBar-selectHome">
    <keyboard-shortcut first-keystroke="home" />
  </action>
  <action id="NextEditorTab" />
  <action id="NextProjectWindow">
    <keyboard-shortcut first-keystroke="meta right" />
  </action>
  <action id="NextSplitter">
    <keyboard-shortcut first-keystroke="alt right" />
  </action>
  <action id="NextTab">
    <keyboard-shortcut first-keystroke="shift meta right" />
  </action>
  <action id="PrevSplitter">
    <keyboard-shortcut first-keystroke="alt left" />
  </action>
  <action id="PreviousEditorTab" />
  <action id="PreviousProjectWindow">
    <keyboard-shortcut first-keystroke="meta left" />
  </action>
  <action id="PreviousTab">
    <keyboard-shortcut first-keystroke="shift meta left" />
  </action>
  <action id="RenameElement">
    <keyboard-shortcut first-keystroke="shift f6" />
    <keyboard-shortcut first-keystroke="meta n" />
  </action>
  <action id="ResizeToolWindowLeft" />
  <action id="ResizeToolWindowRight" />
  <action id="SmartSelect" />
  <action id="SplitHorizontally">
    <keyboard-shortcut first-keystroke="shift ctrl o" />
  </action>
  <action id="SplitVertically">
    <keyboard-shortcut first-keystroke="shift ctrl e" />
  </action>
  <action id="Vcs.UpdateProject" />
</keymap>