<profile version="1.0">
  <option name="myName" value="Default" />
  <inspection_tool class="PyArgumentListInspection" enabled="false" level="WARNING" enabled_by_default="false" />
  <inspection_tool class="PyPackageRequirementsInspection" enabled="true" level="WARNING" enabled_by_default="true">
    <option name="ignoredPackages">
      <value>
        <list size="8">
          <item index="0" class="java.lang.String" itemvalue="pyvex" />
          <item index="1" class="java.lang.String" itemvalue="archinfo" />
          <item index="2" class="java.lang.String" itemvalue="claripy" />
          <item index="3" class="java.lang.String" itemvalue="ailment" />
          <item index="4" class="java.lang.String" itemvalue="cle" />
          <item index="5" class="java.lang.String" itemvalue="angr" />
          <item index="6" class="java.lang.String" itemvalue="pwntools" />
          <item index="7" class="java.lang.String" itemvalue="pytest" />
        </list>
      </value>
    </option>
  </inspection_tool>
  <inspection_tool class="PyUnresolvedReferencesInspection" enabled="true" level="WARNING" enabled_by_default="true">
    <option name="ignoredIdentifiers">
      <list>
        <option value="ida_auto" />
        <option value="google.*" />
        <option value="decomp2gef_client.GenericCommand" />
        <option value="decomp2gef_client.gef_print" />
        <option value="decomp2gef_client.current_arch" />
        <option value="decomp2gef_client.register_external_context_pane" />
        <option value="decomp2gef_client.get_gef_setting" />
        <option value="decomp2gef_client.Color" />
        <option value="decomp2gef_client.RIGHT_ARROW" />
        <option value="decomp2gef_client.only_if_gdb_running" />
        <option value="decomp2gef_client.register_external_command" />
        <option value="dict.irange" />
      </list>
    </option>
  </inspection_tool>
</profile>